{
 "average": {
  "PSNR": 8.641778945922852,
  "SSIM": 0.38960540294647217,
  "LPIPS": 0.5326012969017029,
  "L1": 0.3293777406215668
 },
 "details": {
  "PSNR": {
   "0": 8.641778945922852
  },
  "SSIM": {
   "0": 0.38960540294647217
  },
  "LPIPS": {
   "0": 0.5326012969017029
  },
  "L1": {
   "0": 0.3293777406215668
  }
 }
}