{
 "average": {
  "PSNR": 32.35906219482422,
  "SSIM": 0.9562940001487732,
  "LPIPS": 0.12383517622947693,
  "L1": 0.017711615189909935
 },
 "details": {
  "PSNR": {
   "0": 32.35906219482422
  },
  "SSIM": {
   "0": 0.9562940001487732
  },
  "LPIPS": {
   "0": 0.12383517622947693
  },
  "L1": {
   "0": 0.017711615189909935
  }
 }
}